game_id,home_team,away_team,play_id,drive_id,drive_start_time,quarter,down,distance,field_position,offense,defense,play_type,ball_carrier,targeted_receiver,pass_result,yards_gained,is_td,is_sack,is_fumble,fumble_recovered_by,is_penalty,penalty_team,penalty_type,penalty_player,penalty_yards,fg_result,tackler_1,tackler_2,raw_text
20250830_FOOTHILL_MONTEREY_PENINSULA,Foothill,Monterey Peninsula,1,0,,1,,,,Foothill,Monterey Peninsula,kickoff,Conner Cook,,,65,False,False,False,,False,,,,,,,,"Conner Cook kickoff 65 yards to the MONTEREY00, Julius Escort return 17 yards to the MONTEREY17 (Tajir Golden)."
20250830_FOOTHILL_MONTEREY_PENINSULA,Foothill,Monterey Peninsula,2,1,14:54,1,1,10,MONTEREY17,Monterey Peninsula,Foothill,pass,Manuel Simon Lo,Julius Robinson,incomplete,0,False,False,False,,False,,,,,,Jamison Starks,,Manuel Simon Lo pass incomplete to Julius Robinson (Jamison Starks).
20250830_FOOTHILL_MONTEREY_PENINSULA,Foothill,Monterey Peninsula,3,1,14:54,1,2,10,MONTEREY17,Monterey Peninsula,Foothill,rush,Manuel Simon Lo,,,57,False,False,False,,False,,,,,,,,"Manuel Simon Lo rush for 57 yards to the FOOTHILL26, out-of-bounds."
20250830_FOOTHILL_MONTEREY_PENINSULA,Foothill,Monterey Peninsula,4,1,14:54,1,1,10,FOOTHILL26,Monterey Peninsula,Foothill,rush,David Roberts,,,1,False,False,False,,False,,,,,,Aaron Davis-Bec,Roland Foliaki,David Roberts rush for 1 yard to the FOOTHILL25 (Aaron Davis-Bec; Roland Foliaki).
20250830_FOOTHILL_MONTEREY_PENINSULA,Foothill,Monterey Peninsula,5,1,14:54,1,2,9,FOOTHILL25,Monterey Peninsula,Foothill,pass,Manuel Simon Lo,Jesus Maciel,incomplete,0,False,False,False,,False,,,,,,,,Manuel Simon Lo pass incomplete to Jesus Maciel.
20250830_FOOTHILL_MONTEREY_PENINSULA,Foothill,Monterey Peninsula,6,1,14:54,1,3,9,FOOTHILL25,Monterey Peninsula,Foothill,pass,Manuel Simon Lo,Rogdryk Guillor,complete,0,False,False,False,,False,,,,,,Kevin Cunningha,,Manuel Simon Lo pass complete to Rogdryk Guillor for no gain to the FOOTHILL25 (Kevin Cunningha).
20250830_FOOTHILL_MONTEREY_PENINSULA,Foothill,Monterey Peninsula,7,1,14:54,1,4,9,FOOTHILL25,Monterey Peninsula,Foothill,field_goal,Joseph Fernande,,,,False,False,False,,False,,,,,missed,,,"Joseph Fernande field goal attempt from 43 MISSED - wide right, spot at FOOTHILL25."
20250830_FOOTHILL_MONTEREY_PENINSULA,Foothill,Monterey Peninsula,8,2,12:25,1,1,10,FOOTHILL25,Foothill,Monterey Peninsula,rush,Nate Williams,,,0,False,False,False,,False,,,,,,Kyler Tweten,Ethan Wiley,Nate Williams rush for no gain to the FOOTHILL25 (Kyler Tweten; Ethan Wiley).
20250830_FOOTHILL_MONTEREY_PENINSULA,Foothill,Monterey Peninsula,9,2,12:25,1,2,10,FOOTHILL25,Foothill,Monterey Peninsula,pass,James Maxwell,Alando Barnett,complete,0,False,False,False,,False,,,,,,Que James,,James Maxwell pass complete to Alando Barnett for no gain to the FOOTHILL25 (Que James).
20250830_FOOTHILL_MONTEREY_PENINSULA,Foothill,Monterey Peninsula,10,2,12:25,1,3,10,FOOTHILL25,Foothill,Monterey Peninsula,pass,James Maxwell,Nate Williams,complete,11,False,False,False,,False,,,,,,Drew Molinari,Trevohn Ferguso,James Maxwell pass complete to Nate Williams for 11 yards to the FOOTHILL36 (Drew Molinari; Trevohn Ferguso).
20250830_FOOTHILL_MONTEREY_PENINSULA,Foothill,Monterey Peninsula,11,2,12:25,1,1,10,FOOTHILL36,Foothill,Monterey Peninsula,penalty,,,,,False,False,False,,True,MONTEREY,offside,Broderick Johns,5,,,,PENALTY MONTEREY offside (Broderick Johns) 5 yards to the FOOTHILL41.
20250830_FOOTHILL_MONTEREY_PENINSULA,Foothill,Monterey Peninsula,12,2,12:25,1,1,5,FOOTHILL41,Foothill,Monterey Peninsula,pass,James Maxwell,Boxer Kopcsak-Y,complete,-3,False,False,False,,False,,,,,,Que James,,James Maxwell pass complete to Boxer Kopcsak-Y for loss of 3 yards to the FOOTHILL38 (Que James).
20250830_FOOTHILL_MONTEREY_PENINSULA,Foothill,Monterey Peninsula,13,2,12:25,1,2,8,FOOTHILL38,Foothill,Monterey Peninsula,penalty,,,,,False,False,False,,True,FOOTHILL,illegal formation,Jeff Gamboa,5,,,,PENALTY FOOTHILL illegal formation (Jeff Gamboa) 5 yards to the FOOTHILL33.
20250830_FOOTHILL_MONTEREY_PENINSULA,Foothill,Monterey Peninsula,14,2,12:25,1,2,13,FOOTHILL33,Foothill,Monterey Peninsula,penalty,,,,,False,False,False,,True,FOOTHILL,illegal formation,Alando Barnett,5,,,,PENALTY FOOTHILL illegal formation (Alando Barnett) 5 yards to the FOOTHILL28.
20250830_FOOTHILL_MONTEREY_PENINSULA,Foothill,Monterey Peninsula,15,2,12:25,1,2,18,FOOTHILL28,Foothill,Monterey Peninsula,rush,James Maxwell,,,0,False,False,False,,False,,,,,,,,"James Maxwell rush for no gain to the FOOTHILL28 (Que James), out-of-bounds."
20250830_FOOTHILL_MONTEREY_PENINSULA,Foothill,Monterey Peninsula,16,2,12:25,1,3,18,FOOTHILL28,Foothill,Monterey Peninsula,penalty,,,,,False,False,False,,True,FOOTHILL,delay of game,James Maxwell,4,,,,PENALTY FOOTHILL delay of game (James Maxwell) 4 yards to the FOOTHILL24.
20250830_FOOTHILL_MONTEREY_PENINSULA,Foothill,Monterey Peninsula,17,2,12:25,1,3,22,FOOTHILL24,Foothill,Monterey Peninsula,pass,James Maxwell,Alando Barnett,complete,14,False,False,False,,False,,,,,,Damian Neveaux,,James Maxwell pass complete to Alando Barnett for 14 yards to the FOOTHILL38 (Damian Neveaux).
20250830_FOOTHILL_MONTEREY_PENINSULA,Foothill,Monterey Peninsula,18,2,12:25,1,4,8,FOOTHILL38,Foothill,Monterey Peninsula,punt,Jordan Rucker,,,35,False,False,False,,False,,,,,,,,"Jordan Rucker punt 35 yards to the MONTEREY27, fair catch by Julius Escort."
20250830_FOOTHILL_MONTEREY_PENINSULA,Foothill,Monterey Peninsula,19,3,06:53,1,1,10,MONTEREY27,Monterey Peninsula,Foothill,rush,David Roberts,,,4,False,False,False,,False,,,,,,Mason Furtato,Douglas Adams,David Roberts rush for 4 yards to the MONTEREY31 (Mason Furtato; Douglas Adams).
20250830_FOOTHILL_MONTEREY_PENINSULA,Foothill,Monterey Peninsula,20,3,06:53,1,2,6,MONTEREY31,Monterey Peninsula,Foothill,rush,David Roberts,,,-2,False,False,False,,False,,,,,,Ryan Given,,David Roberts rush for loss of 2 yards to the MONTEREY29 (Ryan Given).
20250830_FOOTHILL_MONTEREY_PENINSULA,Foothill,Monterey Peninsula,21,3,06:53,1,3,8,MONTEREY29,Monterey Peninsula,Foothill,pass,Manuel Simon Lo,Julius Robinson,complete,3,False,False,False,,False,,,,,,Akino McGee,Faapaia Fualema,Manuel Simon Lo pass complete to Julius Robinson for 3 yards to the MONTEREY32 (Akino McGee; Faapaia Fualema).
20250830_FOOTHILL_MONTEREY_PENINSULA,Foothill,Monterey Peninsula,22,3,06:53,1,4,5,MONTEREY32,Monterey Peninsula,Foothill,punt,Joseph Fernande,,,37,False,False,False,,True,MONTEREY,personal foul,Mark Harris,15,,,,"Joseph Fernande punt 37 yards to the FOOTHILL31, downed, PENALTY MONTEREY personal foul (Mark Harris) 15 yards to the FOOTHILL46."
20250830_FOOTHILL_MONTEREY_PENINSULA,Foothill,Monterey Peninsula,23,4,06:53,1,1,10,FOOTHILL46,Foothill,Monterey Peninsula,rush,James Maxwell,,,3,False,False,False,,False,,,,,,Damian Neveaux,,James Maxwell rush for 3 yards to the FOOTHILL49 (Damian Neveaux).
20250830_FOOTHILL_MONTEREY_PENINSULA,Foothill,Monterey Peninsula,24,4,06:53,1,2,7,FOOTHILL49,Foothill,Monterey Peninsula,rush,Nate Williams,,,3,False,False,False,,False,,,,,,Alajawon Whitfi,,Nate Williams rush for 3 yards to the MONTEREY48 (Alajawon Whitfi).
20250830_FOOTHILL_MONTEREY_PENINSULA,Foothill,Monterey Peninsula,25,4,06:53,1,3,4,MONTEREY48,Foothill,Monterey Peninsula,penalty,,,,,False,False,False,,True,FOOTHILL,illegal touching,Brody Simison,0,,,,PENALTY FOOTHILL illegal touching (Brody Simison) 0 yards to the MONTEREY48.
20250830_FOOTHILL_MONTEREY_PENINSULA,Foothill,Monterey Peninsula,26,4,06:53,1,4,4,MONTEREY48,Foothill,Monterey Peninsula,penalty,,,,,False,False,False,,True,FOOTHILL,delay of game,James Maxwell,5,,,,PENALTY FOOTHILL delay of game (James Maxwell) 5 yards to the FOOTHILL47.
20250830_FOOTHILL_MONTEREY_PENINSULA,Foothill,Monterey Peninsula,27,4,06:53,1,4,9,FOOTHILL47,Foothill,Monterey Peninsula,punt,Jordan Rucker,,,38,False,False,False,,False,,,,,,,,"Jordan Rucker punt 38 yards to the MONTEREY15, out-of-bounds."
20250830_FOOTHILL_MONTEREY_PENINSULA,Foothill,Monterey Peninsula,28,5,03:25,1,1,10,MONTEREY15,Monterey Peninsula,Foothill,rush,Manuel Simon Lo,,,1,False,False,False,,False,,,,,,Anelka Okello,Kevin Cunningha,Manuel Simon Lo rush for 1 yard to the MONTEREY16 (Anelka Okello; Kevin Cunningha).
20250830_FOOTHILL_MONTEREY_PENINSULA,Foothill,Monterey Peninsula,29,5,03:25,1,2,9,MONTEREY16,Monterey Peninsula,Foothill,penalty,,,,,False,False,False,,True,MONTEREY,illegal formation,Tatum Bentley,5,,,,PENALTY MONTEREY illegal formation (Tatum Bentley) 5 yards to the MONTEREY11.
20250830_FOOTHILL_MONTEREY_PENINSULA,Foothill,Monterey Peninsula,30,5,03:25,1,2,14,MONTEREY11,Monterey Peninsula,Foothill,pass,Manuel Simon Lo,,,-2,False,True,False,,False,,,,,,Aaron Davis-Bec,,Manuel Simon Lo sacked for loss of 2 yards to the MONTEREY09 (Aaron Davis-Bec).
20250830_FOOTHILL_MONTEREY_PENINSULA,Foothill,Monterey Peninsula,31,5,03:25,1,3,16,MONTEREY09,Monterey Peninsula,Foothill,rush,Enobong Wirth,,,-5,False,False,False,,False,,,,,,Anelka Okello,,Enobong Wirth rush for loss of 5 yards to the MONTEREY04 (Anelka Okello).
20250830_FOOTHILL_MONTEREY_PENINSULA,Foothill,Monterey Peninsula,32,5,03:25,1,4,21,MONTEREY04,Monterey Peninsula,Foothill,penalty,,,,,False,False,False,,True,MONTEREY,illegal formation,Willie Duke,2,,,,PENALTY MONTEREY illegal formation (Willie Duke) 2 yards to the MONTEREY02.
20250830_FOOTHILL_MONTEREY_PENINSULA,Foothill,Monterey Peninsula,33,5,03:25,1,4,23,MONTEREY02,Monterey Peninsula,Foothill,punt,Joseph Fernande,,,34,False,False,False,,False,,,,,,,,"Joseph Fernande punt 34 yards to the MONTEREY36, Boxer Kopcsak-Y return 1 yards to the MONTEREY35 (Damian Neveaux)."
20250830_FOOTHILL_MONTEREY_PENINSULA,Foothill,Monterey Peninsula,34,6,00:14,1,1,10,MONTEREY35,Foothill,Monterey Peninsula,penalty,,,,,False,False,False,,True,MONTEREY,defense holding,Alajawon Whitfi,10,,,,PENALTY MONTEREY defense holding (Alajawon Whitfi) 10 yards to the MONTEREY25.
20250830_FOOTHILL_MONTEREY_PENINSULA,Foothill,Monterey Peninsula,35,6,00:14,1,1,10,MONTEREY25,Foothill,Monterey Peninsula,rush,Anthony Alonzo,,,2,False,False,False,,False,,,,,,Drew Molinari,,Anthony Alonzo rush for 2 yards to the MONTEREY23 (Drew Molinari).
20250830_FOOTHILL_MONTEREY_PENINSULA,Foothill,Monterey Peninsula,36,6,00:14,1,2,8,MONTEREY23,Foothill,Monterey Peninsula,pass,James Maxwell,Alando Barnett,incomplete,0,False,False,False,,False,,,,,,Trevohn Ferguso,,James Maxwell pass incomplete to Alando Barnett (Trevohn Ferguso).
20250830_FOOTHILL_MONTEREY_PENINSULA,Foothill,Monterey Peninsula,37,6,00:14,1,3,8,MONTEREY23,Foothill,Monterey Peninsula,pass,James Maxwell,Owen Harrington,complete,4,False,False,False,,False,,,,,,Alajawon Whitfi,,James Maxwell pass complete to Owen Harrington for 4 yards to the MONTEREY19 (Alajawon Whitfi).
20250830_FOOTHILL_MONTEREY_PENINSULA,Foothill,Monterey Peninsula,38,6,00:14,1,4,4,MONTEREY19,Foothill,Monterey Peninsula,field_goal,Conner Cook,,,,False,False,False,,False,,,,,missed,,,"Conner Cook field goal attempt from 35 MISSED - wide right, spot at MONTEREY20."
20250830_FOOTHILL_MONTEREY_PENINSULA,Foothill,Monterey Peninsula,39,7,14:02,1,1,10,MONTEREY20,Monterey Peninsula,Foothill,pass,Manuel Simon Lo,Julius Robinson,incomplete,0,False,False,False,,False,,,,,,,,Manuel Simon Lo pass incomplete to Julius Robinson.
20250830_FOOTHILL_MONTEREY_PENINSULA,Foothill,Monterey Peninsula,40,7,14:02,1,2,10,MONTEREY20,Monterey Peninsula,Foothill,rush,Manuel Simon Lo,,,2,False,False,False,,False,,,,,,Faapaia Fualema,,Manuel Simon Lo rush for 2 yards to the MONTEREY22 (Faapaia Fualema).
20250830_FOOTHILL_MONTEREY_PENINSULA,Foothill,Monterey Peninsula,41,7,14:02,1,3,8,MONTEREY22,Monterey Peninsula,Foothill,pass,Manuel Simon Lo,Mark Harris,incomplete,0,False,False,False,,False,,,,,,,,Manuel Simon Lo pass incomplete to Mark Harris.
20250830_FOOTHILL_MONTEREY_PENINSULA,Foothill,Monterey Peninsula,42,7,14:02,1,4,8,MONTEREY22,Monterey Peninsula,Foothill,punt,Joseph Fernande,,,48,False,False,False,,False,,,,,,,,"Joseph Fernande punt 48 yards to the FOOTHILL30, out-of-bounds."
20250830_FOOTHILL_MONTEREY_PENINSULA,Foothill,Monterey Peninsula,43,8,13:08,2,1,10,FOOTHILL30,Foothill,Monterey Peninsula,rush,Jordan Fuentes,,,1,False,False,False,,False,,,,,,Drew Molinari,Damian Neveaux,Jordan Fuentes rush for 1 yard to the FOOTHILL31 (Drew Molinari; Damian Neveaux).
20250830_FOOTHILL_MONTEREY_PENINSULA,Foothill,Monterey Peninsula,44,8,13:08,2,2,9,FOOTHILL31,Foothill,Monterey Peninsula,rush,Jordan Fuentes,,,2,False,False,True,FOOTHILL,False,,,,,,,,"Jordan Fuentes rush for 2 yards to the FOOTHILL33, fumble by Jordan Fuentes recovered by FOOTHILL Jordan Fuentes at FOOTHILL33."
20250830_FOOTHILL_MONTEREY_PENINSULA,Foothill,Monterey Peninsula,45,8,13:08,2,3,7,FOOTHILL33,Foothill,Monterey Peninsula,penalty,,,,,False,False,False,,True,FOOTHILL,delay of game,James Maxwell,5,,,,PENALTY FOOTHILL delay of game (James Maxwell) 5 yards to the FOOTHILL28.
20250830_FOOTHILL_MONTEREY_PENINSULA,Foothill,Monterey Peninsula,46,8,13:08,2,3,12,FOOTHILL28,Foothill,Monterey Peninsula,pass,James Maxwell,Alando Barnett,complete,17,False,False,False,,False,,,,,,Kyler Tweten,Drew Molinari,James Maxwell pass complete to Alando Barnett for 17 yards to the FOOTHILL45 (Kyler Tweten; Drew Molinari).
20250830_FOOTHILL_MONTEREY_PENINSULA,Foothill,Monterey Peninsula,47,8,13:08,2,1,10,FOOTHILL45,Foothill,Monterey Peninsula,rush,Nate Williams,,,4,False,False,False,,False,,,,,,Karendus Poe,Damian Neveaux,Nate Williams rush for 4 yards to the FOOTHILL49 (Karendus Poe; Damian Neveaux).
20250830_FOOTHILL_MONTEREY_PENINSULA,Foothill,Monterey Peninsula,48,8,13:08,2,2,6,FOOTHILL49,Foothill,Monterey Peninsula,rush,Nate Williams,,,13,False,False,False,,False,,,,,,Ethan Wiley,Drew Molinari,Nate Williams rush for 13 yards to the MONTEREY38 (Ethan Wiley; Drew Molinari).
20250830_FOOTHILL_MONTEREY_PENINSULA,Foothill,Monterey Peninsula,49,8,13:08,2,1,10,MONTEREY38,Foothill,Monterey Peninsula,rush,Nate Williams,,,13,False,False,False,,False,,,,,,Drew Molinari,Damian Neveaux,Nate Williams rush for 13 yards to the MONTEREY25 (Drew Molinari; Damian Neveaux).
20250830_FOOTHILL_MONTEREY_PENINSULA,Foothill,Monterey Peninsula,50,8,13:08,2,1,10,MONTEREY25,Foothill,Monterey Peninsula,rush,Anthony Alonzo,,,3,False,False,False,,False,,,,,,Steven Richards,,Anthony Alonzo rush for 3 yards to the MONTEREY22 (Steven Richards).
20250830_FOOTHILL_MONTEREY_PENINSULA,Foothill,Monterey Peninsula,51,8,13:08,2,2,7,MONTEREY22,Foothill,Monterey Peninsula,pass,James Maxwell,Owen Harrington,incomplete,0,False,False,False,,False,,,,,,,,James Maxwell pass incomplete to Owen Harrington.
20250830_FOOTHILL_MONTEREY_PENINSULA,Foothill,Monterey Peninsula,52,8,13:08,2,3,7,MONTEREY22,Foothill,Monterey Peninsula,rush,Anthony Alonzo,,,7,False,False,False,,False,,,,,,Damian Neveaux,Trevohn Ferguso,Anthony Alonzo rush for 7 yards to the MONTEREY15 (Damian Neveaux; Trevohn Ferguso).
20250830_FOOTHILL_MONTEREY_PENINSULA,Foothill,Monterey Peninsula,53,8,13:08,2,1,10,MONTEREY15,Foothill,Monterey Peninsula,rush,Anthony Alonzo,,,2,False,False,False,,False,,,,,,Trevohn Ferguso,,Anthony Alonzo rush for 2 yards to the MONTEREY13 (Trevohn Ferguso).
20250830_FOOTHILL_MONTEREY_PENINSULA,Foothill,Monterey Peninsula,54,8,13:08,2,2,8,MONTEREY13,Foothill,Monterey Peninsula,pass,James Maxwell,Alando Barnett,td,13,True,False,False,,False,,,,,,,,"James Maxwell pass complete to Alando Barnett for 13 yards to the MONTEREY00, TOUCHDOWN, clock 06:58."
20250830_FOOTHILL_MONTEREY_PENINSULA,Foothill,Monterey Peninsula,55,8,13:08,2,2,8,MONTEREY13,Foothill,Monterey Peninsula,pat,Conner Cook,,,,False,False,False,,False,,,,,good,,,Conner Cook kick attempt good.
20250830_FOOTHILL_MONTEREY_PENINSULA,Foothill,Monterey Peninsula,56,8,13:08,2,2,8,MONTEREY13,Foothill,Monterey Peninsula,kickoff,Conner Cook,,,58,False,False,True,FOOTHILL,False,,,,,,,,"Conner Cook kickoff 58 yards to the MONTEREY07, Rogdryk Guillor return 11 yards to the MONTEREY18, fumble forced by Boxer Kopcsak-Y, fumble by Rogdryk Guillor recovered by FOOTHILL Tajir Golden at MONTEREY22."
20250830_FOOTHILL_MONTEREY_PENINSULA,Foothill,Monterey Peninsula,57,9,06:58,2,1,10,MONTEREY22,Foothill,Monterey Peninsula,rush,Nate Williams,,,4,False,False,False,,False,,,,,,Kyler Tweten,Taylor Rice,Nate Williams rush for 4 yards to the MONTEREY18 (Kyler Tweten; Taylor Rice).
20250830_FOOTHILL_MONTEREY_PENINSULA,Foothill,Monterey Peninsula,58,9,06:58,2,2,6,MONTEREY18,Foothill,Monterey Peninsula,rush,Nate Williams,,,0,False,False,False,,False,,,,,,Damian Neveaux,Malachi Brown,Nate Williams rush for no gain to the MONTEREY18 (Damian Neveaux; Malachi Brown).
20250830_FOOTHILL_MONTEREY_PENINSULA,Foothill,Monterey Peninsula,59,9,06:58,2,3,6,MONTEREY18,Foothill,Monterey Peninsula,pass,James Maxwell,Joshua Oludayo,incomplete,0,False,False,False,,False,,,,,,Kyler Tweten,,James Maxwell pass incomplete to Joshua Oludayo (Kyler Tweten).
20250830_FOOTHILL_MONTEREY_PENINSULA,Foothill,Monterey Peninsula,60,9,06:58,2,4,6,MONTEREY18,Foothill,Monterey Peninsula,field_goal,Conner Cook,,,,False,False,False,,False,,,,,good,,,"Conner Cook field goal attempt from 34 GOOD, clock 05:20."
20250830_FOOTHILL_MONTEREY_PENINSULA,Foothill,Monterey Peninsula,61,9,06:58,2,4,6,MONTEREY18,Foothill,Monterey Peninsula,kickoff,Conner Cook,,,56,False,False,False,,False,,,,,,,,"Conner Cook kickoff 56 yards to the MONTEREY09, touchback."
20250830_FOOTHILL_MONTEREY_PENINSULA,Foothill,Monterey Peninsula,62,10,05:20,2,1,10,MONTEREY25,Monterey Peninsula,Foothill,rush,David Roberts,,,-4,False,False,False,,False,,,,,,Ryan Given,Mason Furtato,David Roberts rush for loss of 4 yards to the MONTEREY21 (Ryan Given; Mason Furtato).
20250830_FOOTHILL_MONTEREY_PENINSULA,Foothill,Monterey Peninsula,63,10,05:20,2,2,14,MONTEREY21,Monterey Peninsula,Foothill,penalty,,,,,False,False,False,,True,MONTEREY,delay of game,Manuel Simon Lo,5,,,,PENALTY MONTEREY delay of game (Manuel Simon Lo) 5 yards to the MONTEREY16.
20250830_FOOTHILL_MONTEREY_PENINSULA,Foothill,Monterey Peninsula,64,10,05:20,2,2,19,MONTEREY16,Monterey Peninsula,Foothill,pass,Manuel Simon Lo,Karendus Poe,complete,22,False,False,False,,False,,,,,,Faapaia Fualema,,Manuel Simon Lo pass complete to Karendus Poe for 22 yards to the MONTEREY38 (Faapaia Fualema).
20250830_FOOTHILL_MONTEREY_PENINSULA,Foothill,Monterey Peninsula,65,10,05:20,2,1,10,MONTEREY38,Monterey Peninsula,Foothill,pass,Manuel Simon Lo,Rogdryk Guillor,complete,11,False,False,False,,False,,,,,,,,"Manuel Simon Lo pass complete to Rogdryk Guillor for 11 yards to the MONTEREY49, out-of-bounds."
20250830_FOOTHILL_MONTEREY_PENINSULA,Foothill,Monterey Peninsula,66,10,05:20,2,1,10,MONTEREY49,Monterey Peninsula,Foothill,rush,Manuel Simon Lo,,,9,False,False,False,,False,,,,,,Jeremiah Lolohe,,Manuel Simon Lo rush for 9 yards to the FOOTHILL42 (Jeremiah Lolohe).
20250830_FOOTHILL_MONTEREY_PENINSULA,Foothill,Monterey Peninsula,67,10,05:20,2,2,1,FOOTHILL42,Monterey Peninsula,Foothill,penalty,,,,,False,False,False,,True,MONTEREY,offense pass interference,Julius Robinson,15,,,,PENALTY MONTEREY offense pass interference (Julius Robinson) 15 yards to the MONTEREY43.
20250830_FOOTHILL_MONTEREY_PENINSULA,Foothill,Monterey Peninsula,68,10,05:20,2,2,16,MONTEREY43,Monterey Peninsula,Foothill,pass,Manuel Simon Lo,Julius Robinson,complete,29,False,False,False,,False,,,,,,Jaleel Jones,Anelka Okello,Manuel Simon Lo pass complete to Julius Robinson for 29 yards to the FOOTHILL28 (Jaleel Jones; Anelka Okello).
20250830_FOOTHILL_MONTEREY_PENINSULA,Foothill,Monterey Peninsula,69,10,05:20,2,1,10,FOOTHILL28,Monterey Peninsula,Foothill,penalty,,,,,False,False,False,,True,FOOTHILL,defense pass interference,Jamison Starks,15,,,,PENALTY FOOTHILL defense pass interference (Jamison Starks) 15 yards to the FOOTHILL13.
20250830_FOOTHILL_MONTEREY_PENINSULA,Foothill,Monterey Peninsula,70,10,05:20,2,1,10,FOOTHILL13,Monterey Peninsula,Foothill,rush,David Roberts,,,1,False,False,False,,False,,,,,,Anelka Okello,,David Roberts rush for 1 yard to the FOOTHILL12 (Anelka Okello).
20250830_FOOTHILL_MONTEREY_PENINSULA,Foothill,Monterey Peninsula,71,10,05:20,2,2,9,FOOTHILL12,Monterey Peninsula,Foothill,rush,David Roberts,,,12,True,False,False,,False,,,,,,,,"David Roberts rush for 12 yards to the FOOTHILL00, TOUCHDOWN, clock 01:00."
20250830_FOOTHILL_MONTEREY_PENINSULA,Foothill,Monterey Peninsula,72,10,05:20,2,2,9,FOOTHILL12,Monterey Peninsula,Foothill,pat,Joseph Fernande,,,,False,False,False,,False,,,,,good,,,Joseph Fernande kick attempt good.
20250830_FOOTHILL_MONTEREY_PENINSULA,Foothill,Monterey Peninsula,73,10,05:20,2,2,9,FOOTHILL12,Monterey Peninsula,Foothill,kickoff,Joseph Fernande,,,65,False,False,False,,False,,,,,,,,"Joseph Fernande kickoff 65 yards to the FOOTHILL00, touchback."
20250830_FOOTHILL_MONTEREY_PENINSULA,Foothill,Monterey Peninsula,74,11,01:00,2,1,10,FOOTHILL25,Foothill,Monterey Peninsula,pass,James Maxwell,Jeff Gamboa,incomplete,0,False,False,False,,False,,,,,,,,James Maxwell pass incomplete to Jeff Gamboa.
20250830_FOOTHILL_MONTEREY_PENINSULA,Foothill,Monterey Peninsula,75,11,01:00,2,2,10,FOOTHILL25,Foothill,Monterey Peninsula,pass,James Maxwell,Brody Simison,complete,7,False,False,False,,False,,,,,,Que James,,James Maxwell pass complete to Brody Simison for 7 yards to the FOOTHILL32 (Que James).
20250830_FOOTHILL_MONTEREY_PENINSULA,Foothill,Monterey Peninsula,76,11,01:00,2,3,3,FOOTHILL32,Foothill,Monterey Peninsula,pass,James Maxwell,Alando Barnett,complete,6,False,False,False,,False,,,,,,,,"James Maxwell pass complete to Alando Barnett for 6 yards to the FOOTHILL38, out-of-bounds."
20250830_FOOTHILL_MONTEREY_PENINSULA,Foothill,Monterey Peninsula,77,11,01:00,2,1,10,FOOTHILL38,Foothill,Monterey Peninsula,rush,James Maxwell,,,5,False,False,False,,False,,,,,,Kyler Tweten,,James Maxwell rush for 5 yards to the FOOTHILL43 (Kyler Tweten).
20250830_FOOTHILL_MONTEREY_PENINSULA,Foothill,Monterey Peninsula,78,11,01:00,2,2,5,FOOTHILL43,Foothill,Monterey Peninsula,pass,John Larios,,,-25,False,True,True,FOOTHILL,False,,,,,,,,"John Larios sacked for loss of 10 yards to the FOOTHILL33 (Ethan Wiley), fumble by John Larios recovered by FOOTHILL Anthony Alonzo at FOOTHILL18."
20250830_FOOTHILL_MONTEREY_PENINSULA,Foothill,Monterey Peninsula,79,11,01:00,3,2,5,FOOTHILL43,Foothill,Monterey Peninsula,kickoff,Joseph Fernande,,,65,False,False,False,,False,,,,,,,,"Joseph Fernande kickoff 65 yards to the FOOTHILL00, Boxer Kopcsak-Y return 20 yards to the FOOTHILL20 (Damian Neveaux; Isaiah Galutira)."
20250830_FOOTHILL_MONTEREY_PENINSULA,Foothill,Monterey Peninsula,80,12,14:53,3,1,10,FOOTHILL20,Foothill,Monterey Peninsula,rush,Nate Williams,,,12,False,False,False,,False,,,,,,Trevohn Ferguso,,Nate Williams rush for 12 yards to the FOOTHILL32 (Trevohn Ferguso).
20250830_FOOTHILL_MONTEREY_PENINSULA,Foothill,Monterey Peninsula,81,12,14:53,3,1,10,FOOTHILL32,Foothill,Monterey Peninsula,rush,Nate Williams,,,-3,False,False,False,,False,,,,,,Malachi Brown,,Nate Williams rush for loss of 3 yards to the FOOTHILL29 (Malachi Brown).
20250830_FOOTHILL_MONTEREY_PENINSULA,Foothill,Monterey Peninsula,82,12,14:53,3,2,13,FOOTHILL29,Foothill,Monterey Peninsula,penalty,,,,,False,False,False,,True,FOOTHILL,delay of game,James Maxwell,5,,,,PENALTY FOOTHILL delay of game (James Maxwell) 5 yards to the FOOTHILL24.
20250830_FOOTHILL_MONTEREY_PENINSULA,Foothill,Monterey Peninsula,83,12,14:53,3,2,18,FOOTHILL24,Foothill,Monterey Peninsula,pass,James Maxwell,Alando Barnett,incomplete,0,False,False,False,,False,,,,,,,,James Maxwell pass incomplete to Alando Barnett.
20250830_FOOTHILL_MONTEREY_PENINSULA,Foothill,Monterey Peninsula,84,12,14:53,3,3,18,FOOTHILL24,Foothill,Monterey Peninsula,pass,James Maxwell,Diego Madriz,complete,13,False,False,False,,False,,,,,,Que James,Steven Richards,James Maxwell pass complete to Diego Madriz for 13 yards to the FOOTHILL37 (Que James; Steven Richards).
20250830_FOOTHILL_MONTEREY_PENINSULA,Foothill,Monterey Peninsula,85,12,14:53,3,4,5,FOOTHILL37,Foothill,Monterey Peninsula,punt,Jordan Rucker,,,48,False,False,False,,False,,,,,,,,"Jordan Rucker punt 48 yards to the MONTEREY15, Julius Escort return -5 yards to the MONTEREY10 (Robert Mendez)."
20250830_FOOTHILL_MONTEREY_PENINSULA,Foothill,Monterey Peninsula,86,13,12:40,3,1,10,MONTEREY10,Monterey Peninsula,Foothill,rush,Manuel Simon Lo,,,5,False,False,False,,False,,,,,,,,"Manuel Simon Lo rush for 5 yards to the MONTEREY15, out-of-bounds."
20250830_FOOTHILL_MONTEREY_PENINSULA,Foothill,Monterey Peninsula,87,13,12:40,3,2,5,MONTEREY15,Monterey Peninsula,Foothill,rush,David Roberts,,,12,False,False,False,,False,,,,,,Jeremiah Lolohe,,David Roberts rush for 12 yards to the MONTEREY27 (Jeremiah Lolohe).
20250830_FOOTHILL_MONTEREY_PENINSULA,Foothill,Monterey Peninsula,88,13,12:40,3,1,10,MONTEREY27,Monterey Peninsula,Foothill,rush,Manuel Simon Lo,,,-1,False,False,False,,False,,,,,,Ryan Given,Douglas Adams,Manuel Simon Lo rush for loss of 1 yard to the MONTEREY26 (Ryan Given; Douglas Adams).
20250830_FOOTHILL_MONTEREY_PENINSULA,Foothill,Monterey Peninsula,89,13,12:40,3,2,11,MONTEREY26,Monterey Peninsula,Foothill,pass,Manuel Simon Lo,Mark Harris,td,74,True,False,False,,False,,,,,,,,"Manuel Simon Lo pass complete to Mark Harris for 74 yards to the FOOTHILL00, TOUCHDOWN, clock 11:20."
20250830_FOOTHILL_MONTEREY_PENINSULA,Foothill,Monterey Peninsula,90,13,12:40,3,2,11,MONTEREY26,Monterey Peninsula,Foothill,pat,Joseph Fernande,,,,False,False,False,,False,,,,,good,,,Joseph Fernande kick attempt good.
20250830_FOOTHILL_MONTEREY_PENINSULA,Foothill,Monterey Peninsula,91,13,12:40,3,2,11,MONTEREY26,Monterey Peninsula,Foothill,kickoff,Joseph Fernande,,,63,False,False,False,,False,,,,,,,,"Joseph Fernande kickoff 63 yards to the FOOTHILL02, Boxer Kopcsak-Y return 16 yards to the FOOTHILL18 (Taylor Rice)."
20250830_FOOTHILL_MONTEREY_PENINSULA,Foothill,Monterey Peninsula,92,14,11:14,3,1,10,FOOTHILL18,Foothill,Monterey Peninsula,rush,Anthony Alonzo,,,4,False,False,False,,False,,,,,,Damian Neveaux,Broderick Johns,Anthony Alonzo rush for 4 yards to the FOOTHILL22 (Damian Neveaux; Broderick Johns).
20250830_FOOTHILL_MONTEREY_PENINSULA,Foothill,Monterey Peninsula,93,14,11:14,3,2,6,FOOTHILL22,Foothill,Monterey Peninsula,pass,James Maxwell,Brody Simison,complete,43,False,False,False,,False,,,,,,Alajawon Whitfi,,James Maxwell pass complete to Brody Simison for 43 yards to the MONTEREY35 (Alajawon Whitfi).
20250830_FOOTHILL_MONTEREY_PENINSULA,Foothill,Monterey Peninsula,94,14,11:14,3,1,10,MONTEREY35,Foothill,Monterey Peninsula,rush,Anthony Alonzo,,,18,False,False,False,,False,,,,,,Trevohn Ferguso,,Anthony Alonzo rush for 18 yards to the MONTEREY17 (Trevohn Ferguso).
20250830_FOOTHILL_MONTEREY_PENINSULA,Foothill,Monterey Peninsula,95,14,11:14,3,1,10,MONTEREY17,Foothill,Monterey Peninsula,penalty,,,,,False,False,False,,True,FOOTHILL,holding,Hudon Vye,8,,,,PENALTY FOOTHILL holding (Hudon Vye) 8 yards to the MONTEREY25.
20250830_FOOTHILL_MONTEREY_PENINSULA,Foothill,Monterey Peninsula,96,14,11:14,3,1,18,MONTEREY25,Foothill,Monterey Peninsula,pass,James Maxwell,Alando Barnett,complete,7,False,False,False,,False,,,,,,Steven Richards,Que James,James Maxwell pass complete to Alando Barnett for 7 yards to the MONTEREY18 (Steven Richards; Que James).
20250830_FOOTHILL_MONTEREY_PENINSULA,Foothill,Monterey Peninsula,97,14,11:14,3,2,11,MONTEREY18,Foothill,Monterey Peninsula,rush,James Maxwell,,,4,False,False,False,,False,,,,,,Damian Neveaux,,James Maxwell rush for 4 yards to the MONTEREY14 (Damian Neveaux).
20250830_FOOTHILL_MONTEREY_PENINSULA,Foothill,Monterey Peninsula,98,14,11:14,3,3,7,MONTEREY14,Foothill,Monterey Peninsula,rush,Nate Williams,,,4,False,False,False,,False,,,,,,Malachi Brown,,Nate Williams rush for 4 yards to the MONTEREY10 (Malachi Brown).
20250830_FOOTHILL_MONTEREY_PENINSULA,Foothill,Monterey Peninsula,99,14,11:14,3,4,3,MONTEREY10,Foothill,Monterey Peninsula,penalty,,,,,False,False,False,,True,MONTEREY,offside defense,Malachi Brown,5,,,,PENALTY MONTEREY offside defense (Malachi Brown) 5 yards to the MONTEREY05.
20250830_FOOTHILL_MONTEREY_PENINSULA,Foothill,Monterey Peninsula,100,14,11:14,3,1,,MONTEREY05,Foothill,Monterey Peninsula,rush,Anthony Alonzo,,,-2,False,False,False,,False,,,,,,Kyler Tweten,,Anthony Alonzo rush for loss of 2 yards to the MONTEREY07 (Kyler Tweten).
20250830_FOOTHILL_MONTEREY_PENINSULA,Foothill,Monterey Peninsula,101,14,11:14,3,2,,MONTEREY07,Foothill,Monterey Peninsula,pass,James Maxwell,Owen Harrington,incomplete,0,False,False,False,,False,,,,,,,,James Maxwell pass incomplete to Owen Harrington.
20250830_FOOTHILL_MONTEREY_PENINSULA,Foothill,Monterey Peninsula,102,14,11:14,3,3,,MONTEREY07,Foothill,Monterey Peninsula,pass,James Maxwell,Alando Barnett,incomplete,0,False,False,False,,False,,,,,,Steven Richards,,James Maxwell pass incomplete to Alando Barnett (Steven Richards).
20250830_FOOTHILL_MONTEREY_PENINSULA,Foothill,Monterey Peninsula,103,14,11:14,3,4,,MONTEREY07,Foothill,Monterey Peninsula,field_goal,Conner Cook,,,,False,False,False,,False,,,,,missed,,,"Conner Cook field goal attempt from 22 MISSED - wide right, spot at MONTEREY20."
20250830_FOOTHILL_MONTEREY_PENINSULA,Foothill,Monterey Peninsula,104,15,06:55,3,1,10,MONTEREY20,Monterey Peninsula,Foothill,pass,Manuel Simon Lo,Raid Zerki,complete,41,False,False,False,,False,,,,,,,,Manuel Simon Lo pass complete to Raid Zerki for 41 yards to the FOOTHILL39 (TEAM).
20250830_FOOTHILL_MONTEREY_PENINSULA,Foothill,Monterey Peninsula,105,15,06:55,3,1,10,FOOTHILL39,Monterey Peninsula,Foothill,rush,Enobong Wirth,,,-1,False,False,False,,False,,,,,,Jeremiah Lolohe,,Enobong Wirth rush for loss of 1 yard to the FOOTHILL40 (Jeremiah Lolohe).
20250830_FOOTHILL_MONTEREY_PENINSULA,Foothill,Monterey Peninsula,106,15,06:55,3,2,11,FOOTHILL40,Monterey Peninsula,Foothill,pass,Manuel Simon Lo,Julius Robinson,incomplete,0,False,False,False,,False,,,,,,,,Manuel Simon Lo pass incomplete to Julius Robinson.
20250830_FOOTHILL_MONTEREY_PENINSULA,Foothill,Monterey Peninsula,107,15,06:55,3,3,11,FOOTHILL40,Monterey Peninsula,Foothill,pass,Manuel Simon Lo,,,-8,False,True,True,FOOTHILL,False,,,,,,,,"Manuel Simon Lo sacked for loss of 6 yards to the FOOTHILL46 (Douglas Adams), fumble by Manuel Simon Lo recovered by FOOTHILL Kyran Warren at FOOTHILL48."
20250830_FOOTHILL_MONTEREY_PENINSULA,Foothill,Monterey Peninsula,108,16,05:41,3,1,10,FOOTHILL48,Foothill,Monterey Peninsula,rush,Jordan Fuentes,,,8,False,False,False,,False,,,,,,Drew Molinari,,Jordan Fuentes rush for 8 yards to the MONTEREY44 (Drew Molinari).
20250830_FOOTHILL_MONTEREY_PENINSULA,Foothill,Monterey Peninsula,109,16,05:41,3,2,2,MONTEREY44,Foothill,Monterey Peninsula,rush,Jordan Fuentes,,,10,False,False,False,,False,,,,,,Kyler Tweten,,Jordan Fuentes rush for 10 yards to the MONTEREY34 (Kyler Tweten).
20250830_FOOTHILL_MONTEREY_PENINSULA,Foothill,Monterey Peninsula,110,16,05:41,3,1,10,MONTEREY34,Foothill,Monterey Peninsula,pass,James Maxwell,Alando Barnett,complete,-3,False,False,False,,False,,,,,,Trevohn Ferguso,Que James,James Maxwell pass complete to Alando Barnett for loss of 3 yards to the MONTEREY37 (Trevohn Ferguso; Que James).
20250830_FOOTHILL_MONTEREY_PENINSULA,Foothill,Monterey Peninsula,111,16,05:41,3,2,13,MONTEREY37,Foothill,Monterey Peninsula,rush,Jordan Fuentes,,,0,False,False,False,,False,,,,,,Steven Richards,Damian Neveaux,Jordan Fuentes rush for no gain to the MONTEREY37 (Steven Richards; Damian Neveaux).
20250830_FOOTHILL_MONTEREY_PENINSULA,Foothill,Monterey Peninsula,112,16,05:41,3,3,13,MONTEREY37,Foothill,Monterey Peninsula,pass,James Maxwell,Owen Harrington,complete,3,False,False,False,,False,,,,,,Kyler Tweten,,James Maxwell pass complete to Owen Harrington for 3 yards to the MONTEREY34 (Kyler Tweten).
20250830_FOOTHILL_MONTEREY_PENINSULA,Foothill,Monterey Peninsula,113,16,05:41,3,4,10,MONTEREY34,Foothill,Monterey Peninsula,pass,James Maxwell,Jeff Gamboa,incomplete,0,False,False,False,,False,,,,,,Alajawon Whitfi,,James Maxwell pass incomplete to Jeff Gamboa (Alajawon Whitfi).
20250830_FOOTHILL_MONTEREY_PENINSULA,Foothill,Monterey Peninsula,114,17,02:24,3,1,10,MONTEREY34,Monterey Peninsula,Foothill,penalty,,,,,False,False,False,,True,MONTEREY,unsportmanlike conduct,Malachi Brown,15,,,,PENALTY MONTEREY unsportmanlike conduct (Malachi Brown) 15 yards to the MONTEREY19.
20250830_FOOTHILL_MONTEREY_PENINSULA,Foothill,Monterey Peninsula,115,17,02:24,3,1,10,MONTEREY19,Monterey Peninsula,Foothill,penalty,,,,,False,False,False,,True,FOOTHILL,roughing the passer,Douglas Adams,15,,,,PENALTY FOOTHILL roughing the passer (Douglas Adams) 15 yards to the MONTEREY34.
20250830_FOOTHILL_MONTEREY_PENINSULA,Foothill,Monterey Peninsula,116,17,02:24,3,1,10,MONTEREY34,Monterey Peninsula,Foothill,rush,Enobong Wirth,,,5,False,False,False,,False,,,,,,Faapaia Fualema,,Enobong Wirth rush for 5 yards to the MONTEREY39 (Faapaia Fualema).
20250830_FOOTHILL_MONTEREY_PENINSULA,Foothill,Monterey Peninsula,117,17,02:24,3,2,5,MONTEREY39,Monterey Peninsula,Foothill,rush,Enobong Wirth,,,-3,False,False,False,,False,,,,,,Daniel Cruz,,Enobong Wirth rush for loss of 3 yards to the MONTEREY36 (Daniel Cruz).
20250830_FOOTHILL_MONTEREY_PENINSULA,Foothill,Monterey Peninsula,118,17,02:24,3,3,8,MONTEREY36,Monterey Peninsula,Foothill,pass,Manuel Simon Lo,Julius Robinson,complete,25,False,False,False,,False,,,,,,,,"Manuel Simon Lo pass complete to Julius Robinson for 25 yards to the FOOTHILL39, out-of-bounds."
20250830_FOOTHILL_MONTEREY_PENINSULA,Foothill,Monterey Peninsula,119,17,02:24,3,1,10,FOOTHILL39,Monterey Peninsula,Foothill,pass,Manuel Simon Lo,Julius Robinson,complete,5,False,False,False,,False,,,,,,Kevin Cunningha,,Manuel Simon Lo pass complete to Julius Robinson for 5 yards to the FOOTHILL34 (Kevin Cunningha).
20250830_FOOTHILL_MONTEREY_PENINSULA,Foothill,Monterey Peninsula,120,17,02:24,3,2,5,FOOTHILL34,Monterey Peninsula,Foothill,pass,Manuel Simon Lo,Mark Harris,complete,4,False,False,False,,False,,,,,,,,"Manuel Simon Lo pass complete to Mark Harris for 4 yards to the FOOTHILL30, out-of-bounds."
20250830_FOOTHILL_MONTEREY_PENINSULA,Foothill,Monterey Peninsula,121,17,02:24,3,3,1,FOOTHILL30,Monterey Peninsula,Foothill,penalty,,,,,False,False,False,,True,MONTEREY,false start,Slade Turn,5,,,,PENALTY MONTEREY false start (Slade Turn) 5 yards to the FOOTHILL35.
20250830_FOOTHILL_MONTEREY_PENINSULA,Foothill,Monterey Peninsula,122,17,02:24,3,3,6,FOOTHILL35,Monterey Peninsula,Foothill,pass,Manuel Simon Lo,Raid Zerki,incomplete,0,False,False,False,,False,,,,,,,,Manuel Simon Lo pass incomplete to Raid Zerki.
20250830_FOOTHILL_MONTEREY_PENINSULA,Foothill,Monterey Peninsula,123,17,02:24,3,4,6,FOOTHILL35,Monterey Peninsula,Foothill,rush,Manuel Simon Lo,,,8,False,False,False,,False,,,,,,Faapaia Fualema,,Manuel Simon Lo rush for 8 yards to the FOOTHILL27 (Faapaia Fualema).
20250830_FOOTHILL_MONTEREY_PENINSULA,Foothill,Monterey Peninsula,124,17,02:24,3,1,10,FOOTHILL27,Monterey Peninsula,Foothill,rush,Enobong Wirth,,,2,False,False,False,,False,,,,,,Kevin Cunningha,,Enobong Wirth rush for 2 yards to the FOOTHILL25 (Kevin Cunningha).
20250830_FOOTHILL_MONTEREY_PENINSULA,Foothill,Monterey Peninsula,125,17,02:24,3,2,8,FOOTHILL25,Monterey Peninsula,Foothill,rush,Julius Robinson,,,6,False,False,False,,False,,,,,,,,"Julius Robinson rush for 6 yards to the FOOTHILL19, out-of-bounds."
20250830_FOOTHILL_MONTEREY_PENINSULA,Foothill,Monterey Peninsula,126,17,02:24,3,3,2,FOOTHILL19,Monterey Peninsula,Foothill,pass,Manuel Simon Lo,,incomplete,0,False,False,False,,False,,,,,,,,Manuel Simon Lo pass incomplete.
20250830_FOOTHILL_MONTEREY_PENINSULA,Foothill,Monterey Peninsula,127,17,02:24,3,4,2,FOOTHILL19,Monterey Peninsula,Foothill,field_goal,Joseph Fernande,,,,False,False,False,,False,,,,,good,,,"Joseph Fernande field goal attempt from 35 GOOD, clock 11:38."
20250830_FOOTHILL_MONTEREY_PENINSULA,Foothill,Monterey Peninsula,128,17,02:24,4,4,2,FOOTHILL19,Monterey Peninsula,Foothill,kickoff,Joseph Fernande,,,55,False,False,False,,False,,,,,,,,"Joseph Fernande kickoff 55 yards to the FOOTHILL10, Boxer Kopcsak-Y return 15 yards to the FOOTHILL25 (Matthias Willis; Izaak Ocampo-So)."
20250830_FOOTHILL_MONTEREY_PENINSULA,Foothill,Monterey Peninsula,129,18,11:30,4,1,10,FOOTHILL25,Foothill,Monterey Peninsula,rush,Anthony Alonzo,,,3,False,False,False,,False,,,,,,Ethan Wiley,,Anthony Alonzo rush for 3 yards to the FOOTHILL28 (Ethan Wiley).
20250830_FOOTHILL_MONTEREY_PENINSULA,Foothill,Monterey Peninsula,130,18,11:30,4,2,7,FOOTHILL28,Foothill,Monterey Peninsula,rush,Anthony Alonzo,,,9,False,False,False,,False,,,,,,Drew Molinari,,Anthony Alonzo rush for 9 yards to the FOOTHILL37 (Drew Molinari).
20250830_FOOTHILL_MONTEREY_PENINSULA,Foothill,Monterey Peninsula,131,18,11:30,4,1,10,FOOTHILL37,Foothill,Monterey Peninsula,pass,James Maxwell,,incomplete,0,False,False,False,,False,,,,,,,,James Maxwell pass incomplete.
20250830_FOOTHILL_MONTEREY_PENINSULA,Foothill,Monterey Peninsula,132,18,11:30,4,2,10,FOOTHILL37,Foothill,Monterey Peninsula,pass,James Maxwell,Alando Barnett,complete,6,False,False,False,,False,,,,,,Alajawon Whitfi,,James Maxwell pass complete to Alando Barnett for 6 yards to the FOOTHILL43 (Alajawon Whitfi).
20250830_FOOTHILL_MONTEREY_PENINSULA,Foothill,Monterey Peninsula,133,18,11:30,4,3,4,FOOTHILL43,Foothill,Monterey Peninsula,pass,James Maxwell,Jeff Gamboa,complete,-1,False,False,False,,False,,,,,,Alajawon Whitfi,,James Maxwell pass complete to Jeff Gamboa for loss of 1 yard to the FOOTHILL42 (Alajawon Whitfi).
20250830_FOOTHILL_MONTEREY_PENINSULA,Foothill,Monterey Peninsula,134,18,11:30,4,4,5,FOOTHILL42,Foothill,Monterey Peninsula,punt,Jordan Rucker,,,58,False,False,False,,False,,,,,,,,"Jordan Rucker punt 58 yards to the MONTEREY00, touchback."
20250830_FOOTHILL_MONTEREY_PENINSULA,Foothill,Monterey Peninsula,135,19,08:47,4,1,10,MONTEREY20,Monterey Peninsula,Foothill,rush,Enobong Wirth,,,-3,False,False,False,,False,,,,,,Ryan Given,,Enobong Wirth rush for loss of 3 yards to the MONTEREY17 (Ryan Given).
20250830_FOOTHILL_MONTEREY_PENINSULA,Foothill,Monterey Peninsula,136,19,08:47,4,2,13,MONTEREY17,Monterey Peninsula,Foothill,pass,Manuel Simon Lo,,,-7,False,True,False,,False,,,,,,Ryan Given,Douglas Adams,Manuel Simon Lo sacked for loss of 7 yards to the MONTEREY10 (Ryan Given; Douglas Adams).
20250830_FOOTHILL_MONTEREY_PENINSULA,Foothill,Monterey Peninsula,137,19,08:47,4,3,20,MONTEREY10,Monterey Peninsula,Foothill,pass,Manuel Simon Lo,Rogdryk Guillor,complete,5,False,False,False,,False,,,,,,Faapaia Fualema,Daniel Cruz,Manuel Simon Lo pass complete to Rogdryk Guillor for 5 yards to the MONTEREY15 (Faapaia Fualema; Daniel Cruz).
20250830_FOOTHILL_MONTEREY_PENINSULA,Foothill,Monterey Peninsula,138,19,08:47,4,4,15,MONTEREY15,Monterey Peninsula,Foothill,punt,Joseph Fernande,,,26,False,False,False,,False,,,,,,,,"Joseph Fernande punt 26 yards to the MONTEREY41, out-of-bounds."
20250830_FOOTHILL_MONTEREY_PENINSULA,Foothill,Monterey Peninsula,139,20,06:19,4,1,10,MONTEREY41,Foothill,Monterey Peninsula,rush,Nate Williams,,,5,False,False,False,,False,,,,,,Damian Neveaux,Drew Molinari,Nate Williams rush for 5 yards to the MONTEREY36 (Damian Neveaux; Drew Molinari).
20250830_FOOTHILL_MONTEREY_PENINSULA,Foothill,Monterey Peninsula,140,20,06:19,4,2,5,MONTEREY36,Foothill,Monterey Peninsula,rush,Jordan Fuentes,,,-2,False,False,False,,False,,,,,,Malachi Brown,,Jordan Fuentes rush for loss of 2 yards to the MONTEREY38 (Malachi Brown).
20250830_FOOTHILL_MONTEREY_PENINSULA,Foothill,Monterey Peninsula,141,20,06:19,4,3,7,MONTEREY38,Foothill,Monterey Peninsula,pass,James Maxwell,Jordan Fuentes,td,38,True,False,False,,False,,,,,,,,"James Maxwell pass complete to Jordan Fuentes for 38 yards to the MONTEREY00, TOUCHDOWN, clock 04:50."
20250830_FOOTHILL_MONTEREY_PENINSULA,Foothill,Monterey Peninsula,142,20,06:19,4,3,7,MONTEREY38,Foothill,Monterey Peninsula,pat,Conner Cook,,,,False,False,False,,False,,,,,good,,,Conner Cook kick attempt good.
20250830_FOOTHILL_MONTEREY_PENINSULA,Foothill,Monterey Peninsula,143,20,06:19,4,3,7,MONTEREY38,Foothill,Monterey Peninsula,kickoff,Conner Cook,,,65,False,False,False,,False,,,,,,,,"Conner Cook kickoff 65 yards to the MONTEREY00, touchback."
20250830_FOOTHILL_MONTEREY_PENINSULA,Foothill,Monterey Peninsula,144,21,04:50,4,1,10,MONTEREY25,Monterey Peninsula,Foothill,rush,Manuel Simon Lo,,,5,False,False,False,,False,,,,,,Jeremiah Lolohe,,Manuel Simon Lo rush for 5 yards to the MONTEREY30 (Jeremiah Lolohe).
20250830_FOOTHILL_MONTEREY_PENINSULA,Foothill,Monterey Peninsula,145,21,04:50,4,2,5,MONTEREY30,Monterey Peninsula,Foothill,rush,Ashton Murphy,,,-1,False,False,False,,False,,,,,,Douglas Adams,Faapaia Fualema,Ashton Murphy rush for loss of 1 yard to the MONTEREY29 (Douglas Adams; Faapaia Fualema).
20250830_FOOTHILL_MONTEREY_PENINSULA,Foothill,Monterey Peninsula,146,21,04:50,4,3,6,MONTEREY29,Monterey Peninsula,Foothill,pass,Manuel Simon Lo,Karendus Poe,incomplete,0,False,False,False,,False,,,,,,,,Manuel Simon Lo pass incomplete to Karendus Poe.
20250830_FOOTHILL_MONTEREY_PENINSULA,Foothill,Monterey Peninsula,147,21,04:50,4,4,6,MONTEREY29,Monterey Peninsula,Foothill,punt,Joseph Fernande,,,36,False,False,False,,False,,,,,,,,"Joseph Fernande punt 36 yards to the FOOTHILL35, Boxer Kopcsak-Y return 0 yards to the FOOTHILL35 (Willie Duke)."
20250830_FOOTHILL_MONTEREY_PENINSULA,Foothill,Monterey Peninsula,148,22,03:14,4,1,10,FOOTHILL35,Foothill,Monterey Peninsula,penalty,,,,,False,False,False,,True,FOOTHILL,holding,Hudon Vye,15,,,,PENALTY FOOTHILL holding (Hudon Vye) 15 yards to the FOOTHILL20.
20250830_FOOTHILL_MONTEREY_PENINSULA,Foothill,Monterey Peninsula,149,22,03:14,4,1,25,FOOTHILL20,Foothill,Monterey Peninsula,pass,James Maxwell,Hudon Vye,incomplete,0,False,False,False,,False,,,,,,,,James Maxwell pass incomplete to Hudon Vye.
20250830_FOOTHILL_MONTEREY_PENINSULA,Foothill,Monterey Peninsula,150,22,03:14,4,2,25,FOOTHILL20,Foothill,Monterey Peninsula,rush,James Maxwell,,,5,False,False,False,,False,,,,,,,,"James Maxwell rush for 5 yards to the FOOTHILL25, out-of-bounds."
20250830_FOOTHILL_MONTEREY_PENINSULA,Foothill,Monterey Peninsula,151,22,03:14,4,3,20,FOOTHILL25,Foothill,Monterey Peninsula,pass,James Maxwell,Nate Williams,complete,18,False,False,False,,False,,,,,,Damian Neveaux,Kyler Tweten,James Maxwell pass complete to Nate Williams for 18 yards to the FOOTHILL43 (Damian Neveaux; Kyler Tweten).
20250830_FOOTHILL_MONTEREY_PENINSULA,Foothill,Monterey Peninsula,152,22,03:14,4,4,2,FOOTHILL43,Foothill,Monterey Peninsula,punt,Jordan Rucker,,,42,False,False,False,,False,,,,,,,,"Jordan Rucker punt 42 yards to the MONTEREY15, out-of-bounds."
20250830_FOOTHILL_MONTEREY_PENINSULA,Foothill,Monterey Peninsula,153,23,01:52,4,1,10,MONTEREY15,Monterey Peninsula,Foothill,rush,Manuel Simon Lo,,,4,False,False,False,,False,,,,,,,,Manuel Simon Lo rush for 4 yards to the MONTEREY19 (TEAM).
20250830_FOOTHILL_MONTEREY_PENINSULA,Foothill,Monterey Peninsula,154,23,01:52,4,2,6,MONTEREY19,Monterey Peninsula,Foothill,rush,Enobong Wirth,,,0,False,False,False,,False,,,,,,Aaron Davis-Bec,,Enobong Wirth rush for no gain to the MONTEREY19 (Aaron Davis-Bec).
20250830_FOOTHILL_MONTEREY_PENINSULA,Foothill,Monterey Peninsula,155,23,01:52,4,3,6,MONTEREY19,Monterey Peninsula,Foothill,rush,Manuel Simon Lo,,,-1,False,False,False,,False,,,,,,,,Manuel Simon Lo rush for loss of 1 yard to the MONTEREY18 (TEAM).
20250830_FOOTHILL_MONTEREY_PENINSULA,Foothill,Monterey Peninsula,156,23,01:52,5,1,10,MONTEREY25,Foothill,Monterey Peninsula,rush,Nate Williams,,,2,False,False,False,,False,,,,,,Kyler Tweten,,Nate Williams rush for 2 yards to the MONTEREY23 (Kyler Tweten).
20250830_FOOTHILL_MONTEREY_PENINSULA,Foothill,Monterey Peninsula,157,23,01:52,5,2,8,MONTEREY23,Foothill,Monterey Peninsula,penalty,,,,,False,False,False,,True,FOOTHILL,delay of game,James Maxwell,5,,,,PENALTY FOOTHILL delay of game (James Maxwell) 5 yards to the MONTEREY28.
20250830_FOOTHILL_MONTEREY_PENINSULA,Foothill,Monterey Peninsula,158,23,01:52,5,2,13,MONTEREY28,Foothill,Monterey Peninsula,pass,James Maxwell,Brody Simison,incomplete,0,False,False,False,,False,,,,,,,,James Maxwell pass incomplete to Brody Simison.
20250830_FOOTHILL_MONTEREY_PENINSULA,Foothill,Monterey Peninsula,159,23,01:52,5,3,13,MONTEREY28,Foothill,Monterey Peninsula,rush,James Maxwell,,,12,False,False,False,,False,,,,,,Steven Richards,,James Maxwell rush for 12 yards to the MONTEREY16 (Steven Richards).
20250830_FOOTHILL_MONTEREY_PENINSULA,Foothill,Monterey Peninsula,160,23,01:52,5,4,1,MONTEREY16,Foothill,Monterey Peninsula,field_goal,Conner Cook,,,,False,False,False,,False,,,,,missed,,,"Conner Cook field goal attempt from 33 MISSED - wide left, spot at FOOTHILL25."
20250830_FOOTHILL_MONTEREY_PENINSULA,Foothill,Monterey Peninsula,161,24,15:00,5,1,10,FOOTHILL25,Monterey Peninsula,Foothill,rush,Enobong Wirth,,,6,False,False,False,,False,,,,,,Faapaia Fualema,,Enobong Wirth rush for 6 yards to the FOOTHILL19 (Faapaia Fualema).
20250830_FOOTHILL_MONTEREY_PENINSULA,Foothill,Monterey Peninsula,162,24,15:00,5,2,4,FOOTHILL19,Monterey Peninsula,Foothill,rush,Enobong Wirth,,,0,False,False,False,,False,,,,,,Jamie Torres,Daniel Cruz,Enobong Wirth rush for no gain to the FOOTHILL19 (Jamie Torres; Daniel Cruz).
20250830_FOOTHILL_MONTEREY_PENINSULA,Foothill,Monterey Peninsula,163,24,15:00,5,3,4,FOOTHILL19,Monterey Peninsula,Foothill,field_goal,Joseph Fernande,,,,False,False,False,,False,,,,,good,,,"Joseph Fernande field goal attempt from 36 GOOD, clock 15:00."
